{"cameraMode":{"drawMode":0,"name":"Shaded","section":"Shading Mode"},"sceneLighting":true,"audioPlay":false,"sceneViewState":{"showFog":true,"showMaterialUpdate":false,"showSkybox":true,"showFlares":true,"showImageEffects":true,"showParticleSystems":true},"in2DMode":false,"pivot":{"x":-1.1025071144104005,"y":0.8507633209228516,"z":6.608509063720703},"rotation":{"x":-0.21797724068164826,"y":0.09583054482936859,"z":-0.021488290280103685,"w":-0.9710734486579895},"size":12.311172485351563,"orthographic":false}