{"cameraMode":{"drawMode":0,"name":"Shaded","section":"Shading Mode"},"sceneLighting":false,"audioPlay":false,"sceneViewState":{"showFog":true,"showMaterialUpdate":false,"showSkybox":false,"showFlares":true,"showImageEffects":true,"showParticleSystems":true},"in2DMode":false,"pivot":{"x":0.0477074570953846,"y":1.7227303981781006,"z":-0.2862328588962555},"rotation":{"x":-0.23102924227714539,"y":0.5740251541137695,"z":-0.17305493354797364,"w":-0.7663347125053406},"size":2.85467267036438,"orthographic":false}