{"cameraMode":{"drawMode":0,"name":"Shaded","section":"Shading Mode"},"sceneLighting":false,"audioPlay":false,"sceneViewState":{"showFog":true,"showMaterialUpdate":false,"showSkybox":false,"showFlares":true,"showImageEffects":true,"showParticleSystems":true},"in2DMode":false,"pivot":{"x":32.43343734741211,"y":-50.15550231933594,"z":41.89275360107422},"rotation":{"x":-0.35481467843055727,"y":-0.2996290624141693,"z":0.12115919589996338,"w":-0.8773266077041626},"size":40.513031005859378,"orthographic":false}