{"cameraMode":{"drawMode":0,"name":"Shaded","section":"Shading Mode"},"sceneLighting":true,"audioPlay":false,"sceneViewState":{"showFog":true,"showMaterialUpdate":false,"showSkybox":true,"showFlares":true,"showImageEffects":true,"showParticleSystems":true},"in2DMode":false,"pivot":{"x":7.43658971786499,"y":4.027410507202148,"z":4.6895856857299809},"rotation":{"x":-0.1650344580411911,"y":0.8280586004257202,"z":-0.4330136179924011,"w":-0.31566232442855837},"size":8.552684783935547,"orthographic":false}