{"cameraMode":{"drawMode":0,"name":"Shaded","section":"Shading Mode"},"sceneLighting":true,"audioPlay":false,"sceneViewState":{"showFog":true,"showMaterialUpdate":false,"showSkybox":true,"showFlares":true,"showImageEffects":true,"showParticleSystems":true,"showVisualEffectGraphs":true,"m_FxEnabled":true},"in2DMode":false,"pivot":{"x":-0.37973347306251528,"y":8.227819442749024,"z":-9.233291625976563},"rotation":{"x":-0.2058369517326355,"y":-0.0064927577041089539,"z":0.0013750275829806924,"w":-0.9786377549171448},"size":4.724413871765137,"orthographic":false}